<?xml version="1.0" encoding="UTF-8"?>
<modification>
    <name>Module statistique</name>
    <code>Module statistique V1</code>
    <version>1.0</version>
    <author>Samuel, Sacha et Jean-Cristophe</author>
    <link></link>
    <file path="admin/controller/common/colum_left.php">
        <operation>
            <search>
                <![CDATA['href'     => $this->url->link('report/statistics', 'user_token=' . $this->session->data['user_token'], true),]]>
            </search>
            <add position="replace">
                <![CDATA[	'href'     => $this->url->link('report/statistics', 'user_token=' . $this->session->data['user_token'], true),
					'children' => array()		
				);
			}	
            if ($this->user->hasPermission('access', 'report/topfifteen')) {
                $report[] = array(
                    'name'	   => $this->language->get('text_topfifteen'),
                    'href'     => $this->url->link('report/topfifteen', 'user_token=' . $this->session->data['user_token'], true),
                    'children' => array()		
                    );
                }

                if ($this->user->hasPermission('access', 'report/allvisitedpage')) {
                    $report[] = array(
                        'name'	   => $this->language->get('text_allvisitedpage'),
                        'href'     => $this->url->link('report/allvisitedpage', 'user_token=' . $this->session->data['user_token'], true),
                        'children' => array()		
                        );
                    }]]>
            </add>


            <!-- <file path="admin/langage/en-gb/common/colum_left.php">
        <operation>
            <search>
                <![CDATA[$_['text_other_status']         = 'Other Statuses';]]>
            </search>
            <add position="after" offset="1">
                <![CDATA[$_['text_topfifteen']           = 'Top Fifteen Pages';
                $_['text_allvisitedpage']       = 'All Visited Pages';]]>
            </add>
        </operation>
    </file>

    <file path="admin/controller/common/header.php">
        <operation>
            <search>
                <![CDATA[$data['direction'] = $this->language->get('direction');]]>
            </search>
            <add position="after" offset="1">
                <![CDATA[$data['ip_adresse'] = $_SERVER['REMOTE_ADDR'];
		        $data['uri'] = $_SERVER['REQUEST_URI'];]]>
            </add>
        </operation>

        <operation>
            <search>
                <![CDATA[$this->load->model('account/wishlist');]]>
            </search>
            <add position="after" offset="1">
                <![CDATA[$data['customer_id'] = $this->customer->getId();]]>
            </add>
        </operation>

        <operation>
            <search>
                <![CDATA[$data['text_wishlist'] = sprintf($this->language->get('text_wishlist'), (isset($this->session->data['wishlist']) ? count($this->session->data['wishlist']) : 0));]]>
            </search>
            <add position="after" offset="1">
                <![CDATA[$data['customer_id'] = NULL;]]>
            </add>
        </operation>

        <operation>
            <search>
                <![CDATA[$data['text_wishlist'] = sprintf($this->language->get('text_wishlist'), (isset($this->session->data['wishlist']) ? count($this->session->data['wishlist']) : 0));]]>
            </search>
            <add position="after" offset="3">
                <![CDATA[$this->load->model('report/visited');
		        $this->model_report_visited->addVisited($data['title'], $data['uri'],$data['customer_id'],$data['ip_adresse']);	]]>
            </add>
        </operation> -->
            <!-- </file> -->
        </operation>
    </file>

</modification>

    