<?xml version="1.0" encoding="UTF-8"?>
<modification>
    <code>Module_Visited_Page_V1</code>
    <name>Module Visited Page</name>
    <version>1.0</version>
    <author>Samuel, Sacha et Jean-Cristophe</author>
    <link>https://cmaisonneuve.sacha-pignot.website/opencart-tp2</link>
    <file path="admin/controller/common/column_left.php">
        <!-- Ajout dans la colone gauche des 2 nouveaux rapports -->
        <operation>
            <search>
                <![CDATA['href'     => $this->url->link('report/statistics', 'user_token=' . $this->session->data['user_token'], true),]]>
            </search>
            <add position="after" offset="4">
                <![CDATA[if ($this->user->hasPermission('access', 'report/topfifteen')) {
                $report[] = array(
                    'name'	   => $this->language->get('text_topfifteen'),
                    'href'     => $this->url->link('report/topfifteen', 'user_token=' . $this->session->data['user_token'], true),
                    'children' => array()		
                    );
                }

                if ($this->user->hasPermission('access', 'report/allvisitedpage')) {
                    $report[] = array(
                        'name'	   => $this->language->get('text_allvisitedpage'),
                        'href'     => $this->url->link('report/allvisitedpage', 'user_token=' . $this->session->data['user_token'], true),
                        'children' => array()		
                        );
                    }]]>
            </add>
        </operation>
    </file>

    <file path="admin/language/en-gb/common/column_left.php">
        <!-- Ajout des traductions anglaises des rapports dans la colone gauche -->
        <operation>
            <search>
                <![CDATA[$_['text_other_status']         = 'Other Statuses';]]>
            </search>
            <add position="after" offset="">
                <![CDATA[$_['text_topfifteen']           = 'Top Fifteen Pages';
                $_['text_allvisitedpage']       = 'All Visited Pages';]]>
            </add>
        </operation>
    </file>

    <file path="catalog/controller/common/header.php">
        <!-- Enregistrement de l'adresse IP du visiteur et de l'uri de la page visitée -->
        <operation>
            <search>
                <![CDATA[$data['name'] = $this->config->get('config_name');]]>
            </search>
            <add position="after" offset="">
                <![CDATA[$data['ip_adresse'] = $_SERVER['REMOTE_ADDR'];
		        $data['uri'] = $_SERVER['REQUEST_URI'];]]>
            </add>
        </operation>

        <!-- Enregistrement de l'ID de l'utilisateur si il est connecté -->
        <operation>
            <search>
                <![CDATA[$this->load->model('account/wishlist');]]>
            </search>
            <add position="after" offset="">
                <![CDATA[$data['customer_id'] = $this->customer->getId();]]>
            </add>
        </operation>

        <!-- Sinon, ID de l'utilisateur = NULL -->
        <operation>
            <search>
                <![CDATA[count($this->session->data['wishlist']) : 0));]]>
            </search>
            <add position="after" offset="">
                <![CDATA[$data['customer_id'] = NULL;]]>
            </add>
        </operation>

        <!-- Envois des données au model et ajout de la visite dans la base de données -->
        <operation>
            <search>
                <![CDATA[$data['text_logged'] = sprintf($this->language->get('text_logged'), $this->url->link('account/account', '', true), $this->customer->getFirstName(), $this->url->link('account/logout', '', true));]]>
            </search>
            <add position="before" offset="">
                <![CDATA[$this->load->model('report/visited');
		        $this->model_report_visited->addVisited($data['title'], $data['uri'],$data['customer_id'],$data['ip_adresse']);	]]>
            </add>
        </operation>
    </file>
</modification>

    